Sports & Outdoors,Special Interest Travel,Business & Industry,Entertainment & Media,Food & Drink,Home Family & Pets,Lifestyle & Values,Science & Education,Automotive,Art & Design,History & Humanities,Programming and Technologies
Soccer,Agri-tourism,Advertising,MMOs,Beer,DIY,Cosmetics,Physics,Electric Vehicles,Illustration,Ancient Civilizations,Augmented Reality (AR)
Baseball,Ancestry,Architecture,RPGs,Wine,Furniture,Fragrances,Chemistry,Classic Cars,Animation,Mythology,Blockchain Technology
Basketball,Architourism,Aviation,Poker,Coffee,Gardening,Jewelry,Biology,Motorcycles,Typography,Military History,Cybersecurity Framework
Tennis,Dark Tourism,Banking,FPS,Tea,Home Appliances,Tattoos,Astronomy,Off-roading,Ceramics,Renaissance,Internet of Things (IoT)
Golf,Ecotourism,Construction,Board Games,Distilled Spirits,Interior Design,Luxury Goods,Mathematics,Car Restoration,Sculpture,World War I & II,Big Data and Analytics
Marathons,Gastronomy,Digital Marketing,Strategy,Energy Drinks,Dating,Handbags,Geology,Formula 1,Photography,Cold War,Cloud Computing
Boating,Photographic,SEO,Reality Shows,Baking,Marriage,Sunglasses,Psychology,Drag Racing,Fashion Design,Medieval History,Quantum Computing
Camping,Screen Tourism,Small Business,Game Shows,Recipes,Parenting,Men's Clothing,Sociology,Auto Mechanics,UI/UX Design,Genealogy,Sustainable Tech & Green Computing
Fishing,Wellness/Spiritual,E-commerce,Comedies,Fine Dining,Fatherhood,Women's Clothing,Online Courses,Luxury Cars,Interior Architecture,Cultural Heritage,Agentic AI & Autonomous Agents
Hunting,Medical,Economics,Talkshows,Fast Casual,Motherhood,Children's Clothing,Vocational Training,Autonomous Driving,Calligraphy,Linguistics,Generative AI 2.0 (Multimodal Systems)
Surfing,Solo/Women-only,Finance,Documentaries,Gastronomy,Dogs,Environmentalism,STEM for Kids,Trucks & 4x4,Textile Design,Classical Studies,Low-Code / No-Code Platforms
Skiing,Senior Tourism,Personal Finance,Ballet,Diners,Cats,Charity,Space Exploration,Vehicle Modification,Printmaking,Folklore,"AR, VR & Spatial Computing"
Rock Climbing,Destination Weddings,Investment Banking,Concerts,Coffeehouses,Birds,Sustainability,Philosophy,Motorsport,Industrial Design,Museology,Neural Interfaces
White-water Rafting,Cruise Tourism,Agriculture,Arts & Museums,Microbreweries,Fish,Volunteering,Political Science,Car Audio,Concept Art,Colonial History,Data Fabric
Paragliding,Battlefield,Engineering,Literature,Wine Regions,Horses,Politics,Anthropology,Detailing,Street Art,Modern History,Edge Computing
Trekking,Youth Travel,Management,Graphic Design,Sustainable Sourcing,Reptiles,Religion,Archaeology,Drifting,,,AI-Powered Security
Bodybuilding,,Real Estate,Podcasts,Organic Ingredients,Pet Food,Veterans,,,,,Collaborative Robotics (Cobots)
Meditation,,Logistics,Social Media,Food Festivals,New Parents,Law,,,,,Digital Payments & Web3
Yoga,,Sales,Online Advertising,,Moving,Community Issues,,,,,Multi-Cloud/Hybrid Cloud
Weight Training,,Consulting,Web Design,,Retirement,,,,,,Hyperautomation
Running,,Human Resources,,,Job Change,,,,,,Human-AI Collaboration
